profile,op,backend,shape,width,height,pixels,warmup,iters,repeats,min_ms_per_call,median_ms_per_call,mpix_per_sec,speedup_vs_scalar,checksum
quick,CVTCOLOR_BGR2GRAY_U8,scalar,640x480,640,480,307200,3,10,7,0.072092,0.079671,3855.866892,1.000000,11546163921466850888
quick,CVTCOLOR_BGR2GRAY_U8,opencv_intrin_neon,640x480,640,480,307200,3,10,7,0.060779,0.064283,4778.846139,1.239370,11546163921466850888
quick,CVTCOLOR_BGR2GRAY_U8,scalar,1280x720,1280,720,921600,3,10,7,0.236433,0.243383,3786.619706,1.000000,4601696102832023481
quick,CVTCOLOR_BGR2GRAY_U8,opencv_intrin_neon,1280x720,1280,720,921600,3,10,7,0.156583,0.176900,5209.723007,1.375824,4601696102832023481
quick,CVTCOLOR_BGR2GRAY_U8,scalar,1920x1080,1920,1080,2073600,3,10,7,0.270696,0.302575,6853.176898,1.000000,14863258830740474416
quick,CVTCOLOR_BGR2GRAY_U8,opencv_intrin_neon,1920x1080,1920,1080,2073600,3,10,7,0.199862,0.207238,10005.911092,1.460040,14863258830740474416
quick,CVTCOLOR_BGR2GRAY_U8,scalar,3840x2160,3840,2160,8294400,3,10,7,0.951896,0.965204,8593.414741,1.000000,450430794711396147
quick,CVTCOLOR_BGR2GRAY_U8,opencv_intrin_neon,3840x2160,3840,2160,8294400,3,10,7,0.812138,0.817946,10140.525204,1.180034,450430794711396147
